{"loss": [3.47042480823166, 2.1511258643657216, 1.510765222286334, 1.1752143271368614, 0.9704859143334968, 0.8392254110103035, 0.7308354491023278, 0.6665033149250736, 0.6087073553739266, 0.5603716143190635, 0.52133324932273, 0.4907761577759838, 0.4666886961739158, 0.43928339720797605, 0.42240226683021254, 0.40609544018157817, 0.38098132255626294, 0.3661219251904727, 0.35911001568439077, 0.3419131014294519], "val_loss": [2.812647079311907, 1.963842775814519, 1.13404203773016, 0.9264919326044047, 0.762935390701736, 0.6746437536251647, 0.5718959197402, 0.47179213170845796, 0.41898268129538363, 0.3844152810321625, 0.3593345126424093, 0.34025118748867994, 0.31263627682123923, 0.2840675725787603, 0.28862094966762575, 0.2983303583895676, 0.24430733376680938, 0.24792689589041508, 0.22135804299568382, 0.22696809287335046], "acc": [0.2054386550879537, 0.4688543754175017, 0.6224114896459586, 0.6982576263638388, 0.7480516588733022, 0.7791833667334669, 0.8076987307949232, 0.8234246270318415, 0.8389139389890893, 0.8498107325762636, 0.8609162769984413, 0.8693498107325762, 0.8749721665553329, 0.8832804497884659, 0.8877894678245379, 0.8917139835226008, 0.8970162547316856, 0.9021376085504342, 0.9031256958361167, 0.9085671342685371], "val_acc": [0.3143787575150301, 0.5003896682253396, 0.7277749944333111, 0.7665469828545981, 0.8051380538855488, 0.8253590514362057, 0.8538465820529949, 0.8785626809173903, 0.8906980627922512, 0.9012608550434201, 0.9068275439768426, 0.9111834780672456, 0.9172790024493431, 0.9256290358494768, 0.9240703629481185, 0.9215653529280784, 0.9353011578712982, 0.9332971498552661, 0.9416889334224003, 0.9395179247383656]}